{
    "train_loss": [
        0.12230528447850905,
        0.11680678700336991,
        0.11551185794406842,
        0.11737546303623458,
        0.11519282503269887,
        0.1158522835829778,
        0.11364682282587624,
        0.1132869090431135,
        0.11357421820545331,
        0.11324322426285352,
        0.11466055211450156,
        0.11360713153570975,
        0.11362210367793064,
        0.11325983194470743,
        0.11389966127555026,
        0.11270547607549528,
        0.11438584669622416,
        0.11625861545375657,
        0.116142288631319,
        0.1172966822644131,
        0.11807014375249657,
        0.11963034311451926,
        0.11533800848144986,
        0.11651495054744121,
        0.11492033524401803
    ],
    "val_loss": [
        0.1436704765073955,
        0.16437584441155195,
        0.13459688099101186,
        0.1354023921303451,
        0.13367803301662207,
        0.1451299018226564,
        0.13364804908633232,
        0.14015229372307658,
        0.1383698950521648,
        0.13720545126125216,
        0.13752142619341612,
        0.13570249872282147,
        0.1450425749644637,
        0.13350518187507987,
        0.13563530473038554,
        0.13585216365754604,
        0.14041249454021454,
        0.13960658945143223,
        0.14672477077692747,
        0.13708556769415736,
        0.14745494863018394,
        0.14189797919243574,
        0.14110804721713066,
        0.13915117550641298,
        0.14173301588743925
    ]
}