{
    "train_loss": [
        0.12033795181229162,
        0.11627985100148419,
        0.11493946396595357,
        0.11624772449897301,
        0.11543624571632731,
        0.11349132530412323,
        0.11330903855498047,
        0.11456022373593225,
        0.1126366757890658,
        0.11428403748837813,
        0.11347974969797027,
        0.11335570886520083,
        0.11353598632150601,
        0.11399934434519274,
        0.11267743033829222,
        0.11288033710745171,
        0.1139432809634857,
        0.11251434778778817,
        0.1130214934646239,
        0.11374751662059816,
        0.11277107516614979,
        0.11286710240685568,
        0.11323281664601804,
        0.11337117223918607,
        0.11482941608337775
    ],
    "val_loss": [
        0.13163309963420033,
        0.1522119017317891,
        0.13802713714540005,
        0.14558995189145207,
        0.14050606172531843,
        0.13712128810584545,
        0.13806266151368618,
        0.13232309045270085,
        0.14269331051036716,
        0.1371016399934888,
        0.13530950853601098,
        0.13515145145356655,
        0.13475756021216512,
        0.13770705554634333,
        0.1393475984223187,
        0.13755856035277247,
        0.1349649098701775,
        0.13773527462035418,
        0.14044796023517847,
        0.1343374359421432,
        0.14033607626333833,
        0.1376040866598487,
        0.1357011958025396,
        0.1397172175347805,
        0.13826735690236092
    ]
}