{
    "train_loss": [
        0.12047408162365554,
        0.11885436214823224,
        0.1157710302526147,
        0.11461703618592649,
        0.11613086830539676,
        0.11383323930731576,
        0.11266749943197618,
        0.11412672639399682,
        0.11351140546309037,
        0.1149635131315199,
        0.11360616133503468,
        0.1134203430529019,
        0.11394490808164094,
        0.11345799548007948,
        0.11342058229463296,
        0.11340342158129803,
        0.11373707757624284,
        0.11376218181156234,
        0.11412025236711962,
        0.11335266993589509,
        0.11395187165176565,
        0.1137493450732812,
        0.11437763936458836,
        0.11338013359912733,
        0.11484459905803372
    ],
    "val_loss": [
        0.144223194103688,
        0.1309543615207076,
        0.14825354889035225,
        0.13893436780199409,
        0.13299091812223196,
        0.14953657984733582,
        0.15476104896515608,
        0.13451047241687775,
        0.15273012639954686,
        0.1368616153486073,
        0.13834502967074513,
        0.1371412891894579,
        0.1467596204020083,
        0.13487867219373584,
        0.13706798246130347,
        0.13622365472838283,
        0.1366810044273734,
        0.13911710446700454,
        0.138305286411196,
        0.13658802956342697,
        0.15495049254968762,
        0.13871268229559064,
        0.14313339767977595,
        0.14187316317111254,
        0.14210306853055954
    ]
}