{
    "train_loss": [
        0.11741174128508094,
        0.11598877817730052,
        0.1160989321409474,
        0.11353578232756417,
        0.11459485451999535,
        0.11333771554420757,
        0.11537851815352021,
        0.11488503306344278,
        0.11258588619424668,
        0.11409670473327042,
        0.11233360759344047,
        0.11369223542321505,
        0.1128402486781223,
        0.11363472078238263,
        0.11439933513868969,
        0.11232475484734554,
        0.1117989994353343,
        0.11314640246943779,
        0.11362615605504925,
        0.1126297517724483
    ],
    "val_loss": [
        0.13147216383367777,
        0.19347487203776836,
        0.1395567711442709,
        0.13385381549596786,
        0.13756330544129014,
        0.13141366373747587,
        0.13620033906772733,
        0.13555235043168068,
        0.13490142952650785,
        0.13507922226563096,
        0.13898990349844098,
        0.13989604776725173,
        0.14632929814979434,
        0.15067439433187246,
        0.13511877972632647,
        0.1356033617630601,
        0.13545739324763417,
        0.1354000219143927,
        0.14013134827837348,
        0.13726358208805323
    ]
}