{
    "train_loss": [
        0.11793254841403988,
        0.11837975621730004,
        0.11447860173902161,
        0.11444392646253954,
        0.11388732611119916,
        0.11396601794039561,
        0.11357281183976965,
        0.11360339617762957,
        0.1145971862773382,
        0.11221943734472264,
        0.11302379869114576,
        0.11506285509965238,
        0.11909787778982697,
        0.11432424267864767,
        0.11230983654770567,
        0.11417492075952525,
        0.11282591722251335,
        0.11397193937902748,
        0.11388590938224333,
        0.11260647124085818
    ],
    "val_loss": [
        0.1321327560581267,
        0.13091803481802344,
        0.13107605138793588,
        0.14562444994226098,
        0.13797130016610026,
        0.13466720702126622,
        0.13855227269232273,
        0.1417944715358317,
        0.13109815120697021,
        0.13495080173015594,
        0.13356095552444458,
        0.148023946210742,
        0.1483808238990605,
        0.13664705771952868,
        0.13604585966095328,
        0.13972070766612887,
        0.13971316441893578,
        0.1466819285415113,
        0.13273044349625707,
        0.1360366391018033
    ]
}