{
    "train_loss": [
        0.120190430337579,
        0.11675942397911218,
        0.11501425867715571,
        0.11482542751108958,
        0.11669694159507076,
        0.11601146975421366,
        0.11328013944136185,
        0.11330581306566935,
        0.11307138611929275,
        0.1127279872132766,
        0.11319640154288106,
        0.1126693183023261,
        0.11342566532132983,
        0.11302148827243459,
        0.11191472909268171,
        0.11308186528702971,
        0.11320113354803145,
        0.11273607018564645,
        0.11382318340853996,
        0.11373314193895788
    ],
    "val_loss": [
        0.15120511502027512,
        0.13491333462297916,
        0.13097320031374693,
        0.14001976139843464,
        0.13588920840993524,
        0.1349825318902731,
        0.14470688719302416,
        0.13650164008140564,
        0.13794965483248234,
        0.13955117855221033,
        0.1436077542603016,
        0.13767903903499246,
        0.13731552474200726,
        0.13582427287474275,
        0.135874189902097,
        0.1371137178502977,
        0.13770536007359624,
        0.14096052199602127,
        0.13719241274520755,
        0.1378481900319457
    ]
}