{
    "train_loss": [
        0.11855679693455061,
        0.11649652040713908,
        0.116710350613925,
        0.11268552880280416,
        0.10465486427879873,
        0.10213618541912046,
        0.10065931267508704,
        0.09797799439504531,
        0.09426061351052763,
        0.09045077138514424,
        0.08619529838349259,
        0.08279944261900088,
        0.08068072206997669,
        0.07849670053794769,
        0.07679793295627275
    ],
    "val_loss": [
        0.13552261097356677,
        0.14152136305347085,
        0.1378887896426022,
        0.135954805649817,
        0.12699893349781632,
        0.13201256841421127,
        0.125636066775769,
        0.12533792853355408,
        0.12337829684838653,
        0.115793168079108,
        0.11431614169850945,
        0.11328210541978478,
        0.11345675680786371,
        0.1125718280673027,
        0.11266400711610913
    ]
}