{
    "train_loss": [
        0.11848215687038541,
        0.11855278761461166,
        0.1185584513011465,
        0.10841409653087514,
        0.09936414068042387,
        0.0911927662853141,
        0.08786290333139322,
        0.08612101394208227,
        0.08496566110477907,
        0.0829030115991071,
        0.08145565792875992,
        0.07990732981108403,
        0.07760905174712622,
        0.07520803536892613,
        0.07349656902190309
    ],
    "val_loss": [
        0.14038469735533,
        0.14270923333242536,
        0.14321890519931912,
        0.1350194290280342,
        0.12913564359769225,
        0.12556763039901853,
        0.12133912928402424,
        0.11973195848986506,
        0.11811678670346737,
        0.11829707538709044,
        0.11763060418888927,
        0.11510108364745975,
        0.11216156417503953,
        0.11186200007796288,
        0.10763022443279624
    ]
}