{"train_loss": [0.11809504359749191, 0.11471287569748877, 0.11543657884318778, 0.1141152856409127, 0.11580898670862752, 0.11270367843814494, 0.10331241228126747, 0.09836934545643222, 0.0965110913940637, 0.09300595911188893, 0.0862272556333959, 0.08180695182113219, 0.07818920075470674, 0.07541488910679559, 0.0736703048184972], "val_loss": [0.13756743166595697, 0.13673537084832788, 0.13377567939460278, 0.1384535040706396, 0.1430889326147735, 0.13959911279380322, 0.1267678802832961, 0.12477167649194598, 0.1278594871982932, 0.11845287308096886, 0.11735114874318242, 0.11566794151440263, 0.11470284918323159, 0.11134597519412637, 0.11087217647582293]}