{
    "train_loss": [
        0.11699525294324156,
        0.12004076643047522,
        0.11633507044136356,
        0.10494439438956317,
        0.0989321212550736,
        0.09380722919705907,
        0.08947092976431671,
        0.0875215298224441,
        0.08631387078559433,
        0.08502745016269576,
        0.08364028029840323,
        0.08161277323961258,
        0.08019685211245804,
        0.07801853685980141,
        0.07525441411449957
    ],
    "val_loss": [
        0.136512388009578,
        0.14550471818074584,
        0.13309664325788617,
        0.1282859086059034,
        0.12949110101908445,
        0.12437230767682195,
        0.12488923780620098,
        0.12633872451260686,
        0.1230069175362587,
        0.12294584745541215,
        0.12031179992482066,
        0.12123979814350605,
        0.11823154985904694,
        0.11666628951206803,
        0.1135534755885601
    ]
}